<?xml version="1.0"?>

<!-- DTD for the XMLBIF 0.1 format -->
<!DOCTYPE BIF [
    <!ELEMENT BIF ( NETWORK )*>
        <!ATTLIST BIF VERSION CDATA #REQUIRED PRM CDATA #IMPLIED>
    <!ELEMENT NETWORK ( NAME, ( PROPERTY | PRM_CLASS | VARIABLE | DEFINITION )* )>
    <!ELEMENT PRM_CLASS (PRM_CLASSNAME, PRM_ATTRIBUTESET)>
    <!ELEMENT PRM_CLASSNAME (#PCDATA)>
    <!ELEMENT PRM_ATTRIBUTESET (PRM_PKEY+, PRM_RKEY*, PRM_ATTRIBUTE*)>
    <!ELEMENT PRM_PKEY (#PCDATA)>
    <!ELEMENT PRM_RKEY (#PCDATA)>
    <!ELEMENT PRM_ATTRIBUTE (#PCDATA)>
    <!ELEMENT NAME (#PCDATA)>
    <!ELEMENT VARIABLE ( NAME, ( OUTCOME | PROPERTY )* ) >
        <!ATTLIST VARIABLE TYPE (nature|decision|utility) "nature">
    <!ELEMENT OUTCOME (#PCDATA)>
    <!ELEMENT DEFINITION ( FOR | GIVEN | TABLE | PROPERTY )* >
    <!ELEMENT FOR (#PCDATA)>
    <!ELEMENT GIVEN (#PCDATA)>
    <!ELEMENT TABLE (#PCDATA)>
    <!ELEMENT PROPERTY (#PCDATA)>
]>

<BIF VERSION="0.1">
  <NETWORK>
    <NAME>alarm(bjut-&gt;bnj)</NAME>
      <!-- Variables -->
      <VARIABLE TYPE="nature">
         <NAME>x6</NAME>
        <OUTCOME>0</OUTCOME>
        <OUTCOME>1</OUTCOME>
        <OUTCOME>2</OUTCOME>
      </VARIABLE>
      <VARIABLE TYPE="nature">
         <NAME>x7</NAME>
        <OUTCOME>0</OUTCOME>
        <OUTCOME>1</OUTCOME>
        <OUTCOME>2</OUTCOME>
      </VARIABLE>
      <VARIABLE TYPE="nature">
         <NAME>x4</NAME>
        <OUTCOME>0</OUTCOME>
        <OUTCOME>1</OUTCOME>
        <OUTCOME>2</OUTCOME>
      </VARIABLE>
      <VARIABLE TYPE="nature">
         <NAME>x5</NAME>
        <OUTCOME>0</OUTCOME>
        <OUTCOME>1</OUTCOME>
        <OUTCOME>2</OUTCOME>
      </VARIABLE>
      <VARIABLE TYPE="nature">
         <NAME>x2</NAME>
        <OUTCOME>0</OUTCOME>
        <OUTCOME>1</OUTCOME>
      </VARIABLE>
      <VARIABLE TYPE="nature">
         <NAME>x3</NAME>
        <OUTCOME>0</OUTCOME>
        <OUTCOME>1</OUTCOME>
        <OUTCOME>2</OUTCOME>
      </VARIABLE>
      <VARIABLE TYPE="nature">
         <NAME>x0</NAME>
        <OUTCOME>0</OUTCOME>
        <OUTCOME>1</OUTCOME>
        <OUTCOME>2</OUTCOME>
      </VARIABLE>
      <VARIABLE TYPE="nature">
         <NAME>x1</NAME>
        <OUTCOME>0</OUTCOME>
        <OUTCOME>1</OUTCOME>
        <OUTCOME>2</OUTCOME>
      </VARIABLE>
      <VARIABLE TYPE="nature">
         <NAME>x10</NAME>
        <OUTCOME>0</OUTCOME>
        <OUTCOME>1</OUTCOME>
        <OUTCOME>2</OUTCOME>
      </VARIABLE>
      <VARIABLE TYPE="nature">
         <NAME>x30</NAME>
        <OUTCOME>0</OUTCOME>
        <OUTCOME>1</OUTCOME>
      </VARIABLE>
      <VARIABLE TYPE="nature">
         <NAME>x32</NAME>
        <OUTCOME>0</OUTCOME>
        <OUTCOME>1</OUTCOME>
        <OUTCOME>2</OUTCOME>
      </VARIABLE>
      <VARIABLE TYPE="nature">
         <NAME>x31</NAME>
        <OUTCOME>0</OUTCOME>
        <OUTCOME>1</OUTCOME>
        <OUTCOME>2</OUTCOME>
      </VARIABLE>
      <VARIABLE TYPE="nature">
         <NAME>x34</NAME>
        <OUTCOME>0</OUTCOME>
        <OUTCOME>1</OUTCOME>
        <OUTCOME>2</OUTCOME>
        <OUTCOME>3</OUTCOME>
      </VARIABLE>
      <VARIABLE TYPE="nature">
         <NAME>x16</NAME>
        <OUTCOME>0</OUTCOME>
        <OUTCOME>1</OUTCOME>
      </VARIABLE>
      <VARIABLE TYPE="nature">
         <NAME>x33</NAME>
        <OUTCOME>0</OUTCOME>
        <OUTCOME>1</OUTCOME>
        <OUTCOME>2</OUTCOME>
        <OUTCOME>3</OUTCOME>
      </VARIABLE>
      <VARIABLE TYPE="nature">
         <NAME>x15</NAME>
        <OUTCOME>0</OUTCOME>
        <OUTCOME>1</OUTCOME>
        <OUTCOME>2</OUTCOME>
      </VARIABLE>
      <VARIABLE TYPE="nature">
         <NAME>x36</NAME>
        <OUTCOME>0</OUTCOME>
        <OUTCOME>1</OUTCOME>
        <OUTCOME>2</OUTCOME>
        <OUTCOME>3</OUTCOME>
      </VARIABLE>
      <VARIABLE TYPE="nature">
         <NAME>x18</NAME>
        <OUTCOME>0</OUTCOME>
        <OUTCOME>1</OUTCOME>
      </VARIABLE>
      <VARIABLE TYPE="nature">
         <NAME>x35</NAME>
        <OUTCOME>0</OUTCOME>
        <OUTCOME>1</OUTCOME>
        <OUTCOME>2</OUTCOME>
        <OUTCOME>3</OUTCOME>
      </VARIABLE>
      <VARIABLE TYPE="nature">
         <NAME>x17</NAME>
        <OUTCOME>0</OUTCOME>
        <OUTCOME>1</OUTCOME>
      </VARIABLE>
      <VARIABLE TYPE="nature">
         <NAME>x12</NAME>
        <OUTCOME>0</OUTCOME>
        <OUTCOME>1</OUTCOME>
        <OUTCOME>2</OUTCOME>
        <OUTCOME>3</OUTCOME>
      </VARIABLE>
      <VARIABLE TYPE="nature">
         <NAME>x11</NAME>
        <OUTCOME>0</OUTCOME>
        <OUTCOME>1</OUTCOME>
      </VARIABLE>
      <VARIABLE TYPE="nature">
         <NAME>x14</NAME>
        <OUTCOME>0</OUTCOME>
        <OUTCOME>1</OUTCOME>
        <OUTCOME>2</OUTCOME>
        <OUTCOME>3</OUTCOME>
      </VARIABLE>
      <VARIABLE TYPE="nature">
         <NAME>x13</NAME>
        <OUTCOME>0</OUTCOME>
        <OUTCOME>1</OUTCOME>
        <OUTCOME>2</OUTCOME>
        <OUTCOME>3</OUTCOME>
      </VARIABLE>
      <VARIABLE TYPE="nature">
         <NAME>x19</NAME>
        <OUTCOME>0</OUTCOME>
        <OUTCOME>1</OUTCOME>
      </VARIABLE>
      <VARIABLE TYPE="nature">
         <NAME>x9</NAME>
        <OUTCOME>0</OUTCOME>
        <OUTCOME>1</OUTCOME>
        <OUTCOME>2</OUTCOME>
      </VARIABLE>
      <VARIABLE TYPE="nature">
         <NAME>x21</NAME>
        <OUTCOME>0</OUTCOME>
        <OUTCOME>1</OUTCOME>
        <OUTCOME>2</OUTCOME>
      </VARIABLE>
      <VARIABLE TYPE="nature">
         <NAME>x8</NAME>
        <OUTCOME>0</OUTCOME>
        <OUTCOME>1</OUTCOME>
        <OUTCOME>2</OUTCOME>
      </VARIABLE>
      <VARIABLE TYPE="nature">
         <NAME>x20</NAME>
        <OUTCOME>0</OUTCOME>
        <OUTCOME>1</OUTCOME>
      </VARIABLE>
      <VARIABLE TYPE="nature">
         <NAME>x29</NAME>
        <OUTCOME>0</OUTCOME>
        <OUTCOME>1</OUTCOME>
      </VARIABLE>
      <VARIABLE TYPE="nature">
         <NAME>x28</NAME>
        <OUTCOME>0</OUTCOME>
        <OUTCOME>1</OUTCOME>
        <OUTCOME>2</OUTCOME>
      </VARIABLE>
      <VARIABLE TYPE="nature">
         <NAME>x27</NAME>
        <OUTCOME>0</OUTCOME>
        <OUTCOME>1</OUTCOME>
      </VARIABLE>
      <VARIABLE TYPE="nature">
         <NAME>x26</NAME>
        <OUTCOME>0</OUTCOME>
        <OUTCOME>1</OUTCOME>
      </VARIABLE>
      <VARIABLE TYPE="nature">
         <NAME>x25</NAME>
        <OUTCOME>0</OUTCOME>
        <OUTCOME>1</OUTCOME>
        <OUTCOME>2</OUTCOME>
      </VARIABLE>
      <VARIABLE TYPE="nature">
         <NAME>x24</NAME>
        <OUTCOME>0</OUTCOME>
        <OUTCOME>1</OUTCOME>
        <OUTCOME>2</OUTCOME>
      </VARIABLE>
      <VARIABLE TYPE="nature">
         <NAME>x23</NAME>
        <OUTCOME>0</OUTCOME>
        <OUTCOME>1</OUTCOME>
      </VARIABLE>
      <VARIABLE TYPE="nature">
         <NAME>x22</NAME>
        <OUTCOME>0</OUTCOME>
        <OUTCOME>1</OUTCOME>
      </VARIABLE>
      <!-- Probability Distributions -->
      <DEFINITION>
        <FOR>x6</FOR>
        <GIVEN>x27</GIVEN>
        <GIVEN>x28</GIVEN>
        <TABLE>1.0 0.2846153846153846 0.0 0.44651162790697674 0.981023102310231 0.0050 0.0 0.3769230769230769 1.0 0.5488372093023256 0.008663366336633664 0.015 0.0 0.3384615384615385 0.0 0.004651162790697674 0.010313531353135313 0.98</TABLE>
      </DEFINITION>
      <DEFINITION>
        <FOR>x7</FOR>
        <GIVEN>x28</GIVEN>
        <GIVEN>x29</GIVEN>
        <TABLE>0.23809523809523808 0.36363636363636365 0.31496062992125984 0.9786956521739131 0.045454545454545456 0.005154639175257732 0.23809523809523808 0.28708133971291866 0.31496062992125984 0.011739130434782608 0.9545454545454546 0.02577319587628866 0.5238095238095238 0.3492822966507177 0.3700787401574803 0.009565217391304347 0.0 0.9690721649484536</TABLE>
      </DEFINITION>
      <DEFINITION>
        <FOR>x4</FOR>
        <GIVEN>x3</GIVEN>
        <GIVEN>x5</GIVEN>
        <TABLE>0.9903846153846154 0.9675850891410048 0.32954545454545453 0.9598540145985401 0.0988235294117647 0.0707070707070707 0.9114583333333334 0.058333333333333334 0.0 0.009615384615384616 0.02593192868719611 0.5681818181818182 0.021897810218978103 0.8670588235294118 0.42424242424242425 0.08333333333333333 0.175 0.05555555555555555 0.0 0.006482982171799027 0.10227272727272728 0.01824817518248175 0.03411764705882353 0.5050505050505051 0.005208333333333333 0.7666666666666667 0.9444444444444444</TABLE>
      </DEFINITION>
      <DEFINITION>
        <FOR>x5</FOR>
        <GIVEN>x25</GIVEN>
        <GIVEN>x28</GIVEN>
        <TABLE>0.9166666666666666 0.9556786703601108 0.30303030303030304 0.9637305699481865 0.04695735505510302 0.005952380952380952 0.7692307692307693 0.018867924528301886 0.0 0.041666666666666664 0.038781163434903045 0.6666666666666666 0.02072538860103627 0.9439386679444178 0.27976190476190477 0.15384615384615385 0.0660377358490566 0.0 0.041666666666666664 0.00554016620498615 0.030303030303030304 0.015544041450777202 0.009103977000479156 0.7142857142857143 0.07692307692307693 0.9150943396226415 1.0</TABLE>
      </DEFINITION>
      <DEFINITION>
        <FOR>x2</FOR>
        <GIVEN>x17</GIVEN>
        <TABLE>0.8765432098765432 0.008809020436927413 0.12345679012345678 0.9911909795630726</TABLE>
      </DEFINITION>
      <DEFINITION>
        <FOR>x3</FOR>
        <GIVEN>x18</GIVEN>
        <TABLE>0.9666666666666667 0.29764309764309765 0.03333333333333333 0.41144781144781145 0.0 0.2909090909090909</TABLE>
      </DEFINITION>
      <DEFINITION>
        <FOR>x0</FOR>
        <GIVEN>x24</GIVEN>
        <TABLE>0.9411764705882353 0.03678061445261791 0.0125 0.04498269896193772 0.9558632626568585 0.3 0.01384083044982699 0.0073561228905235825 0.6875</TABLE>
      </DEFINITION>
      <DEFINITION>
        <FOR>x1</FOR>
        <GIVEN>x24</GIVEN>
        <TABLE>0.9515570934256056 0.0398096062310688 0.0125 0.04844290657439446 0.9511034184335785 0.055 0.0 0.009086975335352661 0.9325</TABLE>
      </DEFINITION>
      <DEFINITION>
        <FOR>x10</FOR>
        <GIVEN>x30</GIVEN>
        <GIVEN>x31</GIVEN>
        <TABLE>0.9675324675324676 0.0 0.9666666666666667 0.009487666034155597 1.0 0.7063655030800822 0.01948051948051948 0.0 0.03333333333333333 0.9800759013282733 0.0 0.28542094455852157 0.012987012987012988 1.0 0.0 0.010436432637571158 0.0 0.008213552361396304</TABLE>
      </DEFINITION>
      <DEFINITION>
        <FOR>x30</FOR>
        <GIVEN>x20</GIVEN>
        <GIVEN>x21</GIVEN>
        <TABLE>0.0 0.0 0.0 0.10394784498370156 0.956989247311828 0.016 1.0 1.0 0.0 0.8960521550162984 0.043010752688172046 0.984</TABLE>
      </DEFINITION>
      <DEFINITION>
        <FOR>x32</FOR>
        <GIVEN>x33</GIVEN>
        <TABLE>0.010076775431861805 0.005917159763313609 0.05092592592592592 0.9077212806026366 0.009117082533589251 0.011834319526627219 0.8796296296296297 0.0847457627118644 0.980806142034549 0.9822485207100592 0.06944444444444445 0.007532956685499058</TABLE>
      </DEFINITION>
      <DEFINITION>
        <FOR>x31</FOR>
        <GIVEN>x11</GIVEN>
        <GIVEN>x33</GIVEN>
        <TABLE>0.981651376146789 1.0 1.0 0.0 0.9782278481012658 0.9515151515151515 0.9802955665024631 0.008016032064128256 0.009174311926605505 0.0 0.0 0.0 0.012151898734177215 0.048484848484848485 0.0049261083743842365 0.006012024048096192 0.009174311926605505 0.0 0.0 1.0 0.009620253164556962 0.0 0.014778325123152709 0.9859719438877755</TABLE>
      </DEFINITION>
      <DEFINITION>
        <FOR>x34</FOR>
        <GIVEN>x21</GIVEN>
        <GIVEN>x22</GIVEN>
        <GIVEN>x35</GIVEN>
        <TABLE>1.0 0.0 1.0 0.4 0.30707070707070705 0.9665991902834008 0.9555555555555556 0.0 0.0 0.0 0.0 0.0 1.0 0.9264705882352942 1.0 0.0 0.0 1.0 0.0 0.0 0.0 0.9655172413793104 0.0 0.0 0.0 0.0 0.0 0.4 0.6787878787878788 0.014676113360323886 0.022222222222222223 0.9931972789115646 0.0 0.0 0.0 0.0 0.0 0.014705882352941176 0.0 0.0 0.0 0.0 0.0 0.0 0.9285714285714286 0.011494252873563218 0.0 0.0 0.0 0.9879518072289156 0.0 0.2 0.006060606060606061 0.009615384615384616 0.022222222222222223 0.006802721088435374 0.0 0.0 0.0 0.0 0.0 0.029411764705882353 0.0 1.0 0.0 0.0 0.0 0.0 0.03571428571428571 0.011494252873563218 0.0 0.14285714285714285 0.0 0.012048192771084338 0.0 0.0 0.00808080808080808 0.009109311740890687 0.0 0.0 0.0 1.0 0.0 0.0 0.0 0.029411764705882353 0.0 0.0 0.0 0.0 0.0 0.0 0.03571428571428571 0.011494252873563218 0.0 0.8571428571428571</TABLE>
      </DEFINITION>
      <DEFINITION>
        <FOR>x16</FOR>
        <TABLE>0.10133333333333333 0.8986666666666666</TABLE>
      </DEFINITION>
      <DEFINITION>
        <FOR>x33</FOR>
        <GIVEN>x21</GIVEN>
        <GIVEN>x34</GIVEN>
        <TABLE>0.9695835283107159 0.011673151750972763 0.0 0.0 0.0 1.0 0.0 0.14285714285714285 0.0 0.037037037037037035 1.0 0.0 0.009826860084230228 0.007782101167315175 0.009345794392523364 1.0 1.0 0.0 0.125 0.8571428571428571 0.022988505747126436 0.9629629629629629 0.0 0.875 0.009358914365933552 0.011673151750972763 0.9906542056074766 0.0 0.0 0.0 0.0 0.0 0.9655172413793104 0.0 0.0 0.0 0.011230697239120261 0.9688715953307393 0.0 0.0 0.0 0.0 0.875 0.0 0.011494252873563218 0.0 0.0 0.125</TABLE>
      </DEFINITION>
      <DEFINITION>
        <FOR>x15</FOR>
        <TABLE>0.04666666666666667 0.9086666666666666 0.04466666666666667</TABLE>
      </DEFINITION>
      <DEFINITION>
        <FOR>x36</FOR>
        <GIVEN>x15</GIVEN>
        <TABLE>0.05 0.0491562729273661 0.029850746268656716 0.9214285714285714 0.009904622157006602 0.0 0.007142857142857143 0.9303008070432869 0.007462686567164179 0.02142857142857143 0.010638297872340425 0.9626865671641791</TABLE>
      </DEFINITION>
      <DEFINITION>
        <FOR>x18</FOR>
        <TABLE>0.01 0.99</TABLE>
      </DEFINITION>
      <DEFINITION>
        <FOR>x35</FOR>
        <GIVEN>x23</GIVEN>
        <GIVEN>x36</GIVEN>
        <TABLE>0.8888888888888888 0.9285714285714286 0.9595141700404858 0.0 0.9705882352941176 0.9788732394366197 0.014404190309908338 0.007194244604316547 0.0 0.0 0.008097165991902834 0.0 0.007352941176470588 0.007042253521126761 0.9676996944565692 0.007194244604316547 0.1111111111111111 0.0 0.016194331983805668 0.9545454545454546 0.0 0.007042253521126761 0.009166302924487123 0.014388489208633094 0.0 0.07142857142857142 0.016194331983805668 0.045454545454545456 0.022058823529411766 0.007042253521126761 0.008729812309035356 0.9712230215827338</TABLE>
      </DEFINITION>
      <DEFINITION>
        <FOR>x17</FOR>
        <TABLE>0.054 0.946</TABLE>
      </DEFINITION>
      <DEFINITION>
        <FOR>x12</FOR>
        <GIVEN>x21</GIVEN>
        <GIVEN>x22</GIVEN>
        <GIVEN>x35</GIVEN>
        <TABLE>1.0 0.012048192771084338 1.0 0.0 0.00404040404040404 0.09058704453441295 0.3333333333333333 0.013605442176870748 0.0 0.0 0.0 0.0 1.0 0.04411764705882353 1.0 0.0 0.0 1.0 0.0 0.0 0.0 0.022988505747126436 0.0 0.0 0.0 0.012048192771084338 0.0 0.0 0.010101010101010102 0.8476720647773279 0.5555555555555556 0.8707482993197279 0.0 0.0 0.0 0.0 0.0 0.29411764705882354 0.0 0.0 0.0 0.0 0.0 0.0 1.0 0.1724137931034483 0.0 0.0 0.0 0.963855421686747 0.0 0.0 0.0 0.05161943319838057 0.1111111111111111 0.10884353741496598 0.0 0.0 0.0 0.0 0.0 0.22058823529411764 0.0 0.5 0.0 0.0 0.0 0.0 0.0 0.2988505747126437 0.0 0.0 0.0 0.012048192771084338 0.0 1.0 0.9858585858585859 0.010121457489878543 0.0 0.006802721088435374 0.0 1.0 0.0 0.0 0.0 0.4411764705882353 0.0 0.5 0.0 0.0 0.0 0.0 0.0 0.5057471264367817 0.0 1.0</TABLE>
      </DEFINITION>
      <DEFINITION>
        <FOR>x11</FOR>
        <TABLE>0.05266666666666667 0.9473333333333334</TABLE>
      </DEFINITION>
      <DEFINITION>
        <FOR>x14</FOR>
        <GIVEN>x21</GIVEN>
        <GIVEN>x34</GIVEN>
        <TABLE>0.9700514740290126 0.011673151750972763 0.4672897196261682 0.0 0.01282051282051282 1.0 0.5 0.0 0.0 0.5925925925925926 0.6666666666666666 0.0 0.008423022929340197 0.007782101167315175 0.5327102803738317 1.0 0.9871794871794872 0.0 0.5 0.0 0.011494252873563218 0.4074074074074074 0.0 0.0 0.012634534394010294 0.009727626459143969 0.0 0.0 0.0 0.0 0.0 0.8571428571428571 0.9770114942528736 0.0 0.3333333333333333 0.0 0.008890968647636874 0.9708171206225681 0.0 0.0 0.0 0.0 0.0 0.14285714285714285 0.011494252873563218 0.0 0.0 1.0</TABLE>
      </DEFINITION>
      <DEFINITION>
        <FOR>x13</FOR>
        <GIVEN>x32</GIVEN>
        <GIVEN>x34</GIVEN>
        <TABLE>0.9782608695652174 0.017660044150110375 0.0 0.0 0.0 0.9795918367346939 0.021739130434782608 0.0 0.010742643624474545 0.0 1.0 0.0 0.0 0.9580573951434879 0.0625 0.0 0.9739130434782609 0.0 0.010869565217391304 0.0 0.9696403549743111 0.0 0.0 0.02631578947368421 0.0 0.008830022075055188 0.9375 0.0 0.0 0.0 0.9565217391304348 0.0 0.009341429238673517 1.0 0.0 0.0 0.021739130434782608 0.01545253863134658 0.0 0.0 0.02608695652173913 0.02040816326530612 0.010869565217391304 0.0 0.010275572162540868 0.0 0.0 0.9736842105263158</TABLE>
      </DEFINITION>
      <DEFINITION>
        <FOR>x19</FOR>
        <TABLE>0.203 0.797</TABLE>
      </DEFINITION>
      <DEFINITION>
        <FOR>x9</FOR>
        <GIVEN>x20</GIVEN>
        <TABLE>0.0 0.04699563611950319 0.047619047619047616 0.905337361530715 0.9523809523809523 0.04766700234978181</TABLE>
      </DEFINITION>
      <DEFINITION>
        <FOR>x21</FOR>
        <TABLE>0.927 0.03133333333333333 0.041666666666666664</TABLE>
      </DEFINITION>
      <DEFINITION>
        <FOR>x8</FOR>
        <GIVEN>x28</GIVEN>
        <GIVEN>x29</GIVEN>
        <TABLE>0.2857142857142857 0.3444976076555024 0.3937007874015748 0.9804347826086957 0.0 0.02577319587628866 0.38095238095238093 0.3492822966507177 0.2874015748031496 0.013478260869565217 1.0 0.0 0.3333333333333333 0.3062200956937799 0.3188976377952756 0.00608695652173913 0.0 0.9742268041237113</TABLE>
      </DEFINITION>
      <DEFINITION>
        <FOR>x20</FOR>
        <TABLE>0.0070 0.993</TABLE>
      </DEFINITION>
      <DEFINITION>
        <FOR>x29</FOR>
        <TABLE>0.099 0.901</TABLE>
      </DEFINITION>
      <DEFINITION>
        <FOR>x28</FOR>
        <GIVEN>x26</GIVEN>
        <TABLE>0.05096153846153846 0.09030612244897959 0.9086538461538461 0.8209183673469388 0.04038461538461539 0.08877551020408163</TABLE>
      </DEFINITION>
      <DEFINITION>
        <FOR>x27</FOR>
        <TABLE>0.05366666666666667 0.9463333333333334</TABLE>
      </DEFINITION>
      <DEFINITION>
        <FOR>x26</FOR>
        <GIVEN>x3</GIVEN>
        <GIVEN>x10</GIVEN>
        <GIVEN>x19</GIVEN>
        <GIVEN>x32</GIVEN>
        <TABLE>0.0 0.0 0.0 0.010752688172043012 0.09090909090909091 0.023809523809523808 0.0 0.0 0.0 0.022727272727272728 0.08163265306122448 0.682648401826484 0.0 0.0 1.0 0.0 0.0 0.0 0.0 0.16666666666666666 0.7666666666666667 0.008695652173913044 0.0 0.6293103448275862 0.0 0.0 0.10119047619047619 0.0 0.07407407407407407 0.11794871794871795 0.0 0.0 0.0 0.0 0.0 0.08333333333333333 0.0 0.0 0.9473684210526315 0.0 0.0 0.9864864864864865 0.1 0.0 0.26605504587155965 0.022727272727272728 0.02564102564102564 0.9356321839080459 0.0 0.0 1.0 0.0 0.0 0.3333333333333333 1.0 1.0 1.0 0.989247311827957 0.9090909090909091 0.9761904761904762 1.0 1.0 1.0 0.9772727272727273 0.9183673469387755 0.317351598173516 0.0 0.0 0.0 1.0 1.0 1.0 1.0 0.8333333333333334 0.23333333333333334 0.991304347826087 1.0 0.3706896551724138 1.0 1.0 0.8988095238095238 1.0 0.9259259259259259 0.882051282051282 0.0 0.0 1.0 0.0 0.0 0.9166666666666666 1.0 1.0 0.05263157894736842 1.0 1.0 0.013513513513513514 0.9 1.0 0.7339449541284404 0.9772727272727273 0.9743589743589743 0.06436781609195402 0.0 0.0 0.0 1.0 0.0 0.6666666666666666</TABLE>
      </DEFINITION>
      <DEFINITION>
        <FOR>x25</FOR>
        <GIVEN>x16</GIVEN>
        <GIVEN>x17</GIVEN>
        <TABLE>1.0 0.4602076124567474 0.9659863945578231 0.05021577089054531 0.0 0.5224913494809689 0.027210884353741496 0.8995684582189094 0.0 0.01730103806228374 0.006802721088435374 0.05021577089054531</TABLE>
      </DEFINITION>
      <DEFINITION>
        <FOR>x24</FOR>
        <GIVEN>x16</GIVEN>
        <GIVEN>x17</GIVEN>
        <TABLE>0.8666666666666667 0.0034602076124567475 0.9727891156462585 0.05178501373087485 0.06666666666666667 0.08650519031141868 0.02040816326530612 0.8952530404080031 0.06666666666666667 0.9100346020761245 0.006802721088435374 0.05296194586112201</TABLE>
      </DEFINITION>
      <DEFINITION>
        <FOR>x23</FOR>
        <TABLE>0.09733333333333333 0.9026666666666666</TABLE>
      </DEFINITION>
      <DEFINITION>
        <FOR>x22</FOR>
        <TABLE>0.042 0.958</TABLE>
      </DEFINITION>
  </NETWORK>
</BIF>
